{
  "id": "cogwheel-syndicate",
  "title": "Agenci Cogwheel",
  "description": "Gra o tajnych agentach, którzy walczą z zagrożeniami ery rewolucji przemysłowej",
  "version": "0.9.24",
  "compatibility": {
    "minimum": "13",
    "verified": "13.351"
  },
  "scripts": [],
  "esmodules": [
    "src/scripts/init.js",
    "src/scripts/handlebars.mjs",
    "src/scripts/feats-effects.mjs",
    "src/scripts/consequences.mjs",
    "src/scripts/clocks.mjs",
    "src/apps/metacurrency-app.mjs",
    "src/scripts/shared/actor-gear-functions.js",
    "src/scripts/shared/actor-stress-functions.js",
    "src/scripts/shared/actor-equipment-functions.js",
    "src/scripts/roll-mechanics.js",
    "src/scripts/actor-sheet.js",
    "src/scripts/actor-sheetv2.js",
    "src/scripts/hq-sheet.js",
    "src/scripts/nemesis-sheet.js",
    "src/scripts/item-sheet.js"
  ],
   "styles": [
      "src/styles/trauma-types.css",
      "src/styles/meta-currency.css",
      "src/styles/clocks.css",
      "src/styles/rolldialog.css",
      "src/styles/success-upgrade.css",
      "src/styles/consequences.css",
      "src/styles/spend-stress.css",
      "src/styles/spend-gear.css",
      "src/styles/spend-points-dialog.css",
      "src/styles/notes.css",
      "src/styles/nemesis.css",
      "src/styles/hq.css",
      "src/styles/feats.css",
      "src/styles/feats-effects.css",
      "src/styles/equipment.css", 
      "src/styles/equipment-points.css", 
      "src/styles/agent-v2.css",
      "src/styles/cogwheel.css"
  ],
  "socket": true,
  "packs": [
    {
      "name": "archetypes",
      "label": "COGSYNDICATE.CompendiumArchetypes",
      "path": "packs/archetypes.db",
      "type": "Item",
      "ownership": {
        "PLAYER": "OBSERVER",
        "ASSISTANT": "OWNER"
      }
    }
  ],
  "languages": [
    {
      "lang": "en",
      "name": "English",
      "path": "lang/en.json"
    },
    {
      "lang": "pl",
      "name": "Polski",
      "path": "lang/pl.json"
    }
  ],
  "url": "https://github.com/ZuraffPL/Agenci_Cogwheel",
  "manifest": "https://github.com/ZuraffPL/Agenci_Cogwheel/releases/latest/download/system.json",
  "download": "https://github.com/ZuraffPL/Agenci_Cogwheel/releases/latest/download/cogwheel-syndicate.zip",
  "bugs": "https://github.com/ZuraffPL/Agenci_Cogwheel/issues",
  "changelog": "https://github.com/ZuraffPL/Agenci_Cogwheel/releases"
}
